what,kind,bundleId,bundleVersion,description,time
java.vm.specification.name,sysinfo,,,"Java Virtual Machine Specification",1408243637019
java.vm.specification.vendor,sysinfo,,,"Oracle Corporation",1408243637019
java.vm.specification.version,sysinfo,,,"1.7",1408243637019
java.vm.vendor,sysinfo,,,"Oracle Corporation",1408243637019
java.vm.version,sysinfo,,,"24.65-b04",1408243637019
started,bundle,org.eclipse.mylyn.monitor.ui,3.2.3.v20100217-0100-e3x,"org.eclipse.mylyn.monitor.ui",1408243637125
started,bundle,org.eclipse.jsch.core,1.1.100.I20090430-0408,"org.eclipse.jsch.core",1408243637409
started,bundle,org.eclipse.team.cvs.core,3.3.200.I20090430-0408,"org.eclipse.team.cvs.core",1408243637412
started,bundle,org.eclipse.team.ui,3.5.0.I20090430-0408,"org.eclipse.team.ui",1408243637457
started,bundle,org.eclipse.ui.console,3.4.0.v20090513,"org.eclipse.ui.console",1408243637489
started,bundle,org.eclipse.team.cvs.ui,3.3.202.r35x_20090930-0800,"org.eclipse.team.cvs.ui",1408243637749
started,bundle,org.eclipse.jdt.apt.core,3.3.202.R35x_v20091130-2300,"org.eclipse.jdt.apt.core",1408243648189
started,bundle,org.eclipse.jst.servlet.ui,1.1.301.v200908101600,"org.eclipse.jst.servlet.ui",1408243650443
started,bundle,org.eclipse.wst.dtd.core,1.1.300.v200904181727,"org.eclipse.wst.dtd.core",1408243650784
started,bundle,org.eclipse.wst.sse.ui,1.1.102.v200910200227,"org.eclipse.wst.sse.ui",1408243650797
started,bundle,org.eclipse.wst.html.ui,1.0.401.v200908111935,"org.eclipse.wst.html.ui",1408243650804
started,bundle,org.eclipse.wst.wsi.ui,1.0.500.v200901141851,"org.eclipse.wst.wsi.ui",1408243650819
error,log,,,"A workspace crash was detected. The previous session did not exit normally. Not using saved taglib indexes.",1408243650855
started,bundle,org.eclipse.jst.jsp.core,1.2.204.v201001270045,"org.eclipse.jst.jsp.core",1408243650908
started,bundle,org.eclipse.jst.jsf.ui,1.2.3.v201001271707,"org.eclipse.jst.jsf.ui",1408243650910
started,bundle,org.eclipse.wst.wsdl.validation,1.1.402.v200911251542,"org.eclipse.wst.wsdl.validation",1408243651013
started,bundle,org.eclipse.wst.xsd.core,1.1.401.v200903020335,"org.eclipse.wst.xsd.core",1408243651409
started,bundle,org.eclipse.wst.xsl.core,1.0.1.v200908101420,"org.eclipse.wst.xsl.core",1408243651440
started,bundle,org.eclipse.wst.html.core,1.1.300.v200903120608,"org.eclipse.wst.html.core",1408243651676
started,bundle,org.eclipse.wst.common.uriresolver,1.1.301.v200805140415,"org.eclipse.wst.common.uriresolver",1408243653177
started,bundle,org.eclipse.wst.css.core,1.1.301.v200910161432,"org.eclipse.wst.css.core",1408243653465
activated,view,org.eclipse.ui.navigator.resources,3.4.1.M20090826-0800,"org.eclipse.ui.navigator.ProjectExplorer",1408243653812
started,bundle,org.eclipse.jst.jsf.common.runtime,1.0.201.v20090205,"org.eclipse.jst.jsf.common.runtime",1408243653882
started,bundle,org.eclipse.jst.jsf.common.ui,1.1.1.v20081209,"org.eclipse.jst.jsf.common.ui",1408243654819
started,bundle,org.eclipse.jst.pagedesigner,1.2.3.v20100211,"org.eclipse.jst.pagedesigner",1408243654823
started,bundle,org.eclipse.jst.j2ee.ejb,1.1.301.v201001252130,"org.eclipse.jst.j2ee.ejb",1408243654829
started,bundle,org.eclipse.jst.j2ee.jca,1.1.301.v201001252130,"org.eclipse.jst.j2ee.jca",1408243654843
started,bundle,org.eclipse.jst.jee.ejb,1.0.201.v201002021057,"org.eclipse.jst.jee.ejb",1408243654866
started,bundle,org.eclipse.jst.jee.web,1.0.201.v201002031231,"org.eclipse.jst.jee.web",1408243654874
started,bundle,org.eclipse.xsd,2.5.0.v200906151043,"org.eclipse.xsd",1408243654939
started,bundle,org.eclipse.jst.jsf.facesconfig,1.1.3.v20090902,"org.eclipse.jst.jsf.facesconfig",1408243656629
started,bundle,org.eclipse.ltk.core.refactoring,3.5.0.v20090513-2000,"org.eclipse.ltk.core.refactoring",1408243658303
started,bundle,org.eclipse.wst.internet.cache,1.0.301.v200805140020,"org.eclipse.wst.internet.cache",1408243661375
started,bundle,org.eclipse.pde.core,3.5.101.v20100104,"org.eclipse.pde.core",1408243662302
opened,view,org.eclipse.ui.console,3.4.0.v20090513,"org.eclipse.ui.console.ConsoleView",1408243662492
activated,view,org.eclipse.ui.console,3.4.0.v20090513,"org.eclipse.ui.console.ConsoleView",1408243662520
activated,view,org.eclipse.wst.server.ui,1.1.103.v20100123,"org.eclipse.wst.server.ui.ServersView",1408243664193
activated,view,org.eclipse.ui.navigator.resources,3.4.1.M20090826-0800,"org.eclipse.ui.navigator.ProjectExplorer",1408243668467
started,bundle,org.eclipse.wst.xml.ui,1.1.2.v201001222130,"org.eclipse.wst.xml.ui",1408243668787
started,bundle,org.eclipse.jst.jsp.ui,1.1.401.v200908111935,"org.eclipse.jst.jsp.ui",1408243668839
started,bundle,org.eclipse.debug.ui,3.5.2.v20091028_r352,"org.eclipse.debug.ui",1408243669670
started,bundle,org.eclipse.wst.jsdt.web.support.jsp,1.0.200.v200904140255,"org.eclipse.wst.jsdt.web.support.jsp",1408243669780
started,bundle,org.eclipse.wst.jsdt.web.ui,1.0.201.v2010012803,"org.eclipse.wst.jsdt.web.ui",1408243669798
started,bundle,org.eclipse.wst.css.ui,1.0.401.v200907171457,"org.eclipse.wst.css.ui",1408243670423
started,bundle,org.eclipse.wst.dtd.ui,1.0.400.v200904300717,"org.eclipse.wst.dtd.ui",1408243671080
started,bundle,org.eclipse.compare.core,3.5.0.I20090430-0408,"org.eclipse.compare.core",1408243671295
opened,editor,org.eclipse.jst.jsp.ui,1.1.401.v200908111935,"org.eclipse.jst.jsp.core.jspsource.source",1408243671384
activated,editor,org.eclipse.jst.jsp.ui,1.1.401.v200908111935,"org.eclipse.jst.jsp.core.jspsource.source",1408243671865
started,bundle,org.eclipse.core.variables,3.2.200.v20090521,"org.eclipse.core.variables",1408243672416
executed,command,org.eclipse.ui,3.5.2.M20100120-0800,"org.eclipse.ui.edit.cut",1408243679630
executed,command,org.eclipse.ui,3.5.2.M20100120-0800,"org.eclipse.ui.file.save",1408243680218
activated,view,org.eclipse.ui.navigator.resources,3.4.1.M20090826-0800,"org.eclipse.ui.navigator.ProjectExplorer",1408243681699
started,bundle,org.eclipse.wst.ws.service.policy,1.0.103.v200905151848,"org.eclipse.wst.ws.service.policy",1408243683352
started,bundle,org.eclipse.wst.command.env,1.0.408.v200903110045,"org.eclipse.wst.command.env",1408243683379
started,bundle,org.eclipse.wst.ws,1.1.103.v200903111822,"org.eclipse.wst.ws",1408243683382
started,bundle,org.eclipse.compare,3.5.2.r35x_20100113-0800,"org.eclipse.compare",1408243683566
started,bundle,org.eclipse.wst.common.environment,1.0.301.v200908101600,"org.eclipse.wst.common.environment",1408243687781
deactivated,workbench,org.eclipse.ui.workbench,3.5.2.M20100113-0800,"",1408243688004
activated,workbench,org.eclipse.ui.workbench,3.5.2.M20100113-0800,"",1408243704385
deactivated,workbench,org.eclipse.ui.workbench,3.5.2.M20100113-0800,"",1408243705740
activated,workbench,org.eclipse.ui.workbench,3.5.2.M20100113-0800,"",1408243819585
activated,editor,org.eclipse.jst.jsp.ui,1.1.401.v200908111935,"org.eclipse.jst.jsp.core.jspsource.source",1408243820709
executed,command,org.eclipse.ui,3.5.2.M20100120-0800,"org.eclipse.ui.edit.text.contentAssist.proposals",1408243824087
executed,command,org.eclipse.ui.workbench.texteditor,3.5.1.r352_v20100105,"org.eclipse.ui.edit.text.select.wordNext",1408243826670
executed,command,org.eclipse.ui.workbench.texteditor,3.5.1.r352_v20100105,"org.eclipse.ui.edit.text.select.wordNext",1408243826789
executed,command,org.eclipse.ui.workbench.texteditor,3.5.1.r352_v20100105,"org.eclipse.ui.edit.text.select.wordNext",1408243826915
executed,command,org.eclipse.ui.workbench.texteditor,3.5.1.r352_v20100105,"org.eclipse.ui.edit.text.select.wordNext",1408243827131
executed,command,org.eclipse.ui,3.5.2.M20100120-0800,"org.eclipse.ui.file.save",1408243828322
executed,command,org.eclipse.ui,3.5.2.M20100120-0800,"org.eclipse.ui.edit.delete",1408243836552
executed,command,org.eclipse.ui.workbench.texteditor,3.5.1.r352_v20100105,"org.eclipse.ui.edit.text.select.wordNext",1408243837857
executed,command,org.eclipse.ui.workbench.texteditor,3.5.1.r352_v20100105,"org.eclipse.ui.edit.text.select.wordNext",1408243837997
executed,command,org.eclipse.ui.workbench.texteditor,3.5.1.r352_v20100105,"org.eclipse.ui.edit.text.select.wordNext",1408243838125
executed,command,org.eclipse.ui.workbench.texteditor,3.5.1.r352_v20100105,"org.eclipse.ui.edit.text.select.wordNext",1408243838234
executed,command,org.eclipse.ui.workbench.texteditor,3.5.1.r352_v20100105,"org.eclipse.ui.edit.text.select.wordNext",1408243838367
executed,command,org.eclipse.ui.workbench.texteditor,3.5.1.r352_v20100105,"org.eclipse.ui.edit.text.select.wordNext",1408243841230
executed,command,org.eclipse.ui.workbench.texteditor,3.5.1.r352_v20100105,"org.eclipse.ui.edit.text.select.wordNext",1408243841365
executed,command,org.eclipse.ui.workbench.texteditor,3.5.1.r352_v20100105,"org.eclipse.ui.edit.text.select.wordNext",1408243841497
executed,command,org.eclipse.ui.workbench.texteditor,3.5.1.r352_v20100105,"org.eclipse.ui.edit.text.select.wordNext",1408243841591
executed,command,org.eclipse.ui.workbench.texteditor,3.5.1.r352_v20100105,"org.eclipse.ui.edit.text.select.wordNext",1408243841747
executed,command,org.eclipse.ui.workbench.texteditor,3.5.1.r352_v20100105,"org.eclipse.ui.edit.text.select.wordNext",1408243841820
executed,command,org.eclipse.ui.workbench.texteditor,3.5.1.r352_v20100105,"org.eclipse.ui.edit.text.select.wordNext",1408243841981
executed,command,org.eclipse.ui.workbench.texteditor,3.5.1.r352_v20100105,"org.eclipse.ui.edit.text.select.wordNext",1408243844290
executed,command,org.eclipse.ui.workbench.texteditor,3.5.1.r352_v20100105,"org.eclipse.ui.edit.text.select.wordNext",1408243844468
executed,command,org.eclipse.ui.workbench.texteditor,3.5.1.r352_v20100105,"org.eclipse.ui.edit.text.select.wordNext",1408243844629
executed,command,org.eclipse.ui.workbench.texteditor,3.5.1.r352_v20100105,"org.eclipse.ui.edit.text.select.wordNext",1408243844784
executed,command,org.eclipse.ui.workbench.texteditor,3.5.1.r352_v20100105,"org.eclipse.ui.edit.text.select.wordNext",1408243845066
executed,command,org.eclipse.ui.workbench.texteditor,3.5.1.r352_v20100105,"org.eclipse.ui.edit.text.select.wordNext",1408243845267
executed,command,org.eclipse.ui.workbench.texteditor,3.5.1.r352_v20100105,"org.eclipse.ui.edit.text.select.wordNext",1408243846872
executed,command,org.eclipse.ui.workbench.texteditor,3.5.1.r352_v20100105,"org.eclipse.ui.edit.text.select.wordNext",1408243847016
executed,command,org.eclipse.ui.workbench.texteditor,3.5.1.r352_v20100105,"org.eclipse.ui.edit.text.select.wordNext",1408243847169
executed,command,org.eclipse.ui.workbench.texteditor,3.5.1.r352_v20100105,"org.eclipse.ui.edit.text.select.wordNext",1408243847246
executed,command,org.eclipse.ui.workbench.texteditor,3.5.1.r352_v20100105,"org.eclipse.ui.edit.text.select.wordNext",1408243847569
executed,command,org.eclipse.ui.workbench.texteditor,3.5.1.r352_v20100105,"org.eclipse.ui.edit.text.select.wordNext",1408243847766
executed,command,org.eclipse.ui,3.5.2.M20100120-0800,"org.eclipse.ui.file.save",1408243848555
started,bundle,org.eclipse.mylyn.java.tasks,3.2.3.v20100217-0100-e3x,"org.eclipse.mylyn.java.tasks",1408243851215
executed,command,org.eclipse.ui,3.5.2.M20100120-0800,"org.eclipse.ui.edit.text.contentAssist.proposals",1408243851702
executed,command,org.eclipse.ui.workbench.texteditor,3.5.1.r352_v20100105,"org.eclipse.ui.edit.text.goto.wordNext",1408243854096
executed,command,org.eclipse.ui,3.5.2.M20100120-0800,"org.eclipse.ui.edit.text.contentAssist.proposals",1408243854306
executed,command,org.eclipse.ui.workbench.texteditor,3.5.1.r352_v20100105,"org.eclipse.ui.edit.text.goto.wordNext",1408243855863
executed,command,org.eclipse.ui.workbench.texteditor,3.5.1.r352_v20100105,"org.eclipse.ui.edit.text.goto.wordNext",1408243856021
executed,command,org.eclipse.ui.workbench.texteditor,3.5.1.r352_v20100105,"org.eclipse.ui.edit.text.goto.wordNext",1408243856169
executed,command,org.eclipse.ui.workbench.texteditor,3.5.1.r352_v20100105,"org.eclipse.ui.edit.text.goto.wordNext",1408243856350
executed,command,org.eclipse.ui.workbench.texteditor,3.5.1.r352_v20100105,"org.eclipse.ui.edit.text.goto.wordNext",1408243856569
executed,command,org.eclipse.ui,3.5.2.M20100120-0800,"org.eclipse.ui.edit.text.contentAssist.proposals",1408243856890
opened,view,org.eclipse.ui.ide,3.5.2.M20100113-0800,"org.eclipse.ui.views.AllMarkersView",1408243863549
activated,view,org.eclipse.ui.navigator.resources,3.4.1.M20090826-0800,"org.eclipse.ui.navigator.ProjectExplorer",1408243864683
deactivated,workbench,org.eclipse.ui.workbench,3.5.2.M20100113-0800,"",1408243867761
activated,workbench,org.eclipse.ui.workbench,3.5.2.M20100113-0800,"",1408243871375
deactivated,workbench,org.eclipse.ui.workbench,3.5.2.M20100113-0800,"",1408243872952
activated,workbench,org.eclipse.ui.workbench,3.5.2.M20100113-0800,"",1408243968791
activated,editor,org.eclipse.jst.jsp.ui,1.1.401.v200908111935,"org.eclipse.jst.jsp.core.jspsource.source",1408243970218
executed,command,org.eclipse.ui,3.5.2.M20100120-0800,"org.eclipse.ui.edit.text.contentAssist.proposals",1408243976287
executed,command,org.eclipse.ui,3.5.2.M20100120-0800,"org.eclipse.ui.edit.text.contentAssist.proposals",1408243977075
deactivated,workbench,org.eclipse.ui.workbench,3.5.2.M20100113-0800,"",1408243978761
activated,workbench,org.eclipse.ui.workbench,3.5.2.M20100113-0800,"",1408243980829
executed,command,org.eclipse.ui,3.5.2.M20100120-0800,"org.eclipse.ui.edit.cut",1408243982646
executed,command,org.eclipse.ui.workbench.texteditor,3.5.1.r352_v20100105,"org.eclipse.ui.edit.text.delete.line",1408243983045
executed,command,org.eclipse.ui.workbench.texteditor,3.5.1.r352_v20100105,"org.eclipse.ui.edit.text.delete.line",1408243984311
deactivated,workbench,org.eclipse.ui.workbench,3.5.2.M20100113-0800,"",1408243985425
activated,workbench,org.eclipse.ui.workbench,3.5.2.M20100113-0800,"",1408243986629
executed,command,org.eclipse.ui,3.5.2.M20100120-0800,"org.eclipse.ui.edit.paste",1408243987874
executed,command,org.eclipse.ui.workbench.texteditor,3.5.1.r352_v20100105,"org.eclipse.ui.edit.text.select.wordPrevious",1408243991837
executed,command,org.eclipse.ui.workbench.texteditor,3.5.1.r352_v20100105,"org.eclipse.ui.edit.text.select.wordPrevious",1408243991937
executed,command,org.eclipse.ui.workbench.texteditor,3.5.1.r352_v20100105,"org.eclipse.ui.edit.text.select.wordPrevious",1408243992093
executed,command,org.eclipse.ui.workbench.texteditor,3.5.1.r352_v20100105,"org.eclipse.ui.edit.text.select.wordPrevious",1408243992216
executed,command,org.eclipse.ui.workbench.texteditor,3.5.1.r352_v20100105,"org.eclipse.ui.edit.text.select.wordPrevious",1408243992501
executed,command,org.eclipse.ui.workbench.texteditor,3.5.1.r352_v20100105,"org.eclipse.ui.edit.text.select.wordPrevious",1408243994267
executed,command,org.eclipse.ui.workbench.texteditor,3.5.1.r352_v20100105,"org.eclipse.ui.edit.text.select.wordPrevious",1408243994536
executed,command,org.eclipse.ui.workbench.texteditor,3.5.1.r352_v20100105,"org.eclipse.ui.edit.text.select.wordPrevious",1408243994675
executed,command,org.eclipse.ui.workbench.texteditor,3.5.1.r352_v20100105,"org.eclipse.ui.edit.text.select.wordPrevious",1408243994828
executed,command,org.eclipse.ui,3.5.2.M20100120-0800,"org.eclipse.ui.edit.cut",1408243995730
executed,command,org.eclipse.ui,3.5.2.M20100120-0800,"org.eclipse.ui.edit.paste",1408243997278
executed,command,org.eclipse.ui,3.5.2.M20100120-0800,"org.eclipse.ui.file.save",1408243997775
executed,command,org.eclipse.ui.workbench.texteditor,3.5.1.r352_v20100105,"org.eclipse.ui.edit.text.goto.wordPrevious",1408244002460
executed,command,org.eclipse.ui,3.5.2.M20100120-0800,"org.eclipse.ui.file.save",1408244003996
deactivated,workbench,org.eclipse.ui.workbench,3.5.2.M20100113-0800,"",1408244004388
activated,workbench,org.eclipse.ui.workbench,3.5.2.M20100113-0800,"",1408244005970
activated,view,org.eclipse.ui.navigator.resources,3.4.1.M20090826-0800,"org.eclipse.ui.navigator.ProjectExplorer",1408244006915
deactivated,workbench,org.eclipse.ui.workbench,3.5.2.M20100113-0800,"",1408244011214
activated,workbench,org.eclipse.ui.workbench,3.5.2.M20100113-0800,"",1408244014640
activated,editor,org.eclipse.jst.jsp.ui,1.1.401.v200908111935,"org.eclipse.jst.jsp.core.jspsource.source",1408244037416
deactivated,workbench,org.eclipse.ui.workbench,3.5.2.M20100113-0800,"",1408244042281
activated,workbench,org.eclipse.ui.workbench,3.5.2.M20100113-0800,"",1408244065123
executed,command,org.eclipse.ui,3.5.2.M20100120-0800,"org.eclipse.ui.edit.cut",1408244076169
executed,command,org.eclipse.ui,3.5.2.M20100120-0800,"org.eclipse.ui.file.save",1408244076595
activated,view,org.eclipse.ui.navigator.resources,3.4.1.M20090826-0800,"org.eclipse.ui.navigator.ProjectExplorer",1408244078241
deactivated,workbench,org.eclipse.ui.workbench,3.5.2.M20100113-0800,"",1408244081061
activated,workbench,org.eclipse.ui.workbench,3.5.2.M20100113-0800,"",1408244084289
deactivated,workbench,org.eclipse.ui.workbench,3.5.2.M20100113-0800,"",1408244084966
activated,workbench,org.eclipse.ui.workbench,3.5.2.M20100113-0800,"",1408244088111
activated,editor,org.eclipse.jst.jsp.ui,1.1.401.v200908111935,"org.eclipse.jst.jsp.core.jspsource.source",1408244088854
deactivated,workbench,org.eclipse.ui.workbench,3.5.2.M20100113-0800,"",1408244089707
activated,workbench,org.eclipse.ui.workbench,3.5.2.M20100113-0800,"",1408244267748
executed,command,org.eclipse.ui,3.5.2.M20100120-0800,"org.eclipse.ui.edit.undo",1408244268459
executed,command,org.eclipse.ui,3.5.2.M20100120-0800,"org.eclipse.ui.file.save",1408244269172
deactivated,workbench,org.eclipse.ui.workbench,3.5.2.M20100113-0800,"",1408244271896
activated,workbench,org.eclipse.ui.workbench,3.5.2.M20100113-0800,"",1408244275020
executed,command,org.eclipse.ui.workbench.texteditor,3.5.1.r352_v20100105,"org.eclipse.ui.edit.text.goto.wordPrevious",1408244278518
executed,command,org.eclipse.ui.workbench.texteditor,3.5.1.r352_v20100105,"org.eclipse.ui.edit.text.goto.wordPrevious",1408244278742
executed,command,org.eclipse.ui.workbench.texteditor,3.5.1.r352_v20100105,"org.eclipse.ui.edit.text.goto.wordNext",1408244278991
executed,command,org.eclipse.ui,3.5.2.M20100120-0800,"org.eclipse.ui.edit.text.contentAssist.proposals",1408244279159
executed,command,org.eclipse.ui.workbench.texteditor,3.5.1.r352_v20100105,"org.eclipse.ui.edit.text.select.wordPrevious",1408244281171
executed,command,org.eclipse.ui.workbench.texteditor,3.5.1.r352_v20100105,"org.eclipse.ui.edit.text.select.wordPrevious",1408244281296
executed,command,org.eclipse.ui.workbench.texteditor,3.5.1.r352_v20100105,"org.eclipse.ui.edit.text.select.wordPrevious",1408244281398
executed,command,org.eclipse.ui,3.5.2.M20100120-0800,"org.eclipse.ui.edit.copy",1408244281802
executed,command,org.eclipse.ui,3.5.2.M20100120-0800,"org.eclipse.ui.edit.copy",1408244281926
executed,command,org.eclipse.ui,3.5.2.M20100120-0800,"org.eclipse.ui.edit.paste",1408244284570
deactivated,workbench,org.eclipse.ui.workbench,3.5.2.M20100113-0800,"",1408244285154
activated,workbench,org.eclipse.ui.workbench,3.5.2.M20100113-0800,"",1408244285208
executed,command,org.eclipse.ui,3.5.2.M20100120-0800,"org.eclipse.ui.file.save",1408244285218
deactivated,workbench,org.eclipse.ui.workbench,3.5.2.M20100113-0800,"",1408244287708
activated,workbench,org.eclipse.ui.workbench,3.5.2.M20100113-0800,"",1408244294542
deactivated,workbench,org.eclipse.ui.workbench,3.5.2.M20100113-0800,"",1408244298429
activated,workbench,org.eclipse.ui.workbench,3.5.2.M20100113-0800,"",1408244298809
activated,view,org.eclipse.ui.navigator.resources,3.4.1.M20090826-0800,"org.eclipse.ui.navigator.ProjectExplorer",1408244299433
activated,editor,org.eclipse.jst.jsp.ui,1.1.401.v200908111935,"org.eclipse.jst.jsp.core.jspsource.source",1408244302775
activated,view,org.eclipse.ui.navigator.resources,3.4.1.M20090826-0800,"org.eclipse.ui.navigator.ProjectExplorer",1408244302877
closed,editor,org.eclipse.jst.jsp.ui,1.1.401.v200908111935,"org.eclipse.jst.jsp.core.jspsource.source",1408244302877
started,bundle,org.eclipse.jst.jsf.facesconfig.ui,1.1.6.v20100203,"org.eclipse.jst.jsf.facesconfig.ui",1408244304444
started,bundle,org.eclipse.ui.views.properties.tabbed,3.5.0.I20090429-1800,"org.eclipse.ui.views.properties.tabbed",1408244304458
started,bundle,org.eclipse.gef,3.5.1.v20090910-2020,"org.eclipse.gef",1408244304463
started,bundle,org.eclipse.draw2d,3.5.2.v20091126-1908,"org.eclipse.draw2d",1408244304571
opened,editor,org.eclipse.jst.jsf.facesconfig.ui,1.1.6.v20100203,"org.eclipse.jst.jsf.facesconfig.ui.FacesConfigEditor",1408244304828
activated,editor,org.eclipse.jst.jsf.facesconfig.ui,1.1.6.v20100203,"org.eclipse.jst.jsf.facesconfig.ui.FacesConfigEditor",1408244304866
started,bundle,org.eclipse.birt.report.debug.ui,2.5.2.v20100127,"org.eclipse.birt.report.debug.ui",1408244344538
deactivated,workbench,org.eclipse.ui.workbench,3.5.2.M20100113-0800,"",1408244364150
activated,workbench,org.eclipse.ui.workbench,3.5.2.M20100113-0800,"",1408244366127
activated,view,org.eclipse.ui.navigator.resources,3.4.1.M20090826-0800,"org.eclipse.ui.navigator.ProjectExplorer",1408244368139
closed,editor,org.eclipse.jst.jsf.facesconfig.ui,1.1.6.v20100203,"org.eclipse.jst.jsf.facesconfig.ui.FacesConfigEditor",1408244368140
opened,editor,org.eclipse.wst.xml.ui,1.1.2.v201001222130,"org.eclipse.wst.xml.ui.internal.tabletree.XMLMultiPageEditorPart",1408244369905
activated,editor,org.eclipse.wst.xml.ui,1.1.2.v201001222130,"org.eclipse.wst.xml.ui.internal.tabletree.XMLMultiPageEditorPart",1408244370171
activated,view,org.eclipse.ui.navigator.resources,3.4.1.M20090826-0800,"org.eclipse.ui.navigator.ProjectExplorer",1408244387162
closed,editor,org.eclipse.wst.xml.ui,1.1.2.v201001222130,"org.eclipse.wst.xml.ui.internal.tabletree.XMLMultiPageEditorPart",1408244387162
deactivated,workbench,org.eclipse.ui.workbench,3.5.2.M20100113-0800,"",1408244393281
activated,workbench,org.eclipse.ui.workbench,3.5.2.M20100113-0800,"",1408244401972
deactivated,workbench,org.eclipse.ui.workbench,3.5.2.M20100113-0800,"",1408244404175
activated,workbench,org.eclipse.ui.workbench,3.5.2.M20100113-0800,"",1408244689735
opened,editor,org.eclipse.jst.jsp.ui,1.1.401.v200908111935,"org.eclipse.jst.jsp.core.jspsource.source",1408244692723
activated,editor,org.eclipse.jst.jsp.ui,1.1.401.v200908111935,"org.eclipse.jst.jsp.core.jspsource.source",1408244692890
activated,view,org.eclipse.ui.navigator.resources,3.4.1.M20090826-0800,"org.eclipse.ui.navigator.ProjectExplorer",1408244694747
opened,editor,org.eclipse.wst.xml.ui,1.1.2.v201001222130,"org.eclipse.wst.xml.ui.internal.tabletree.XMLMultiPageEditorPart",1408244697715
activated,editor,org.eclipse.wst.xml.ui,1.1.2.v201001222130,"org.eclipse.wst.xml.ui.internal.tabletree.XMLMultiPageEditorPart",1408244697988
deactivated,workbench,org.eclipse.ui.workbench,3.5.2.M20100113-0800,"",1408244698784
activated,workbench,org.eclipse.ui.workbench,3.5.2.M20100113-0800,"",1408244762751
activated,editor,org.eclipse.jst.jsp.ui,1.1.401.v200908111935,"org.eclipse.jst.jsp.core.jspsource.source",1408244764572
deactivated,workbench,org.eclipse.ui.workbench,3.5.2.M20100113-0800,"",1408244766817
activated,workbench,org.eclipse.ui.workbench,3.5.2.M20100113-0800,"",1408244769984
executed,command,org.eclipse.ui,3.5.2.M20100120-0800,"org.eclipse.ui.edit.cut",1408244776397
executed,command,org.eclipse.ui,3.5.2.M20100120-0800,"org.eclipse.ui.file.save",1408244776786
deactivated,workbench,org.eclipse.ui.workbench,3.5.2.M20100113-0800,"",1408244777101
activated,workbench,org.eclipse.ui.workbench,3.5.2.M20100113-0800,"",1408244786029
activated,view,org.eclipse.ui.navigator.resources,3.4.1.M20090826-0800,"org.eclipse.ui.navigator.ProjectExplorer",1408244787058
deactivated,workbench,org.eclipse.ui.workbench,3.5.2.M20100113-0800,"",1408244789491
activated,workbench,org.eclipse.ui.workbench,3.5.2.M20100113-0800,"",1408244792877
deactivated,workbench,org.eclipse.ui.workbench,3.5.2.M20100113-0800,"",1408244794085
activated,workbench,org.eclipse.ui.workbench,3.5.2.M20100113-0800,"",1408244927714
activated,editor,org.eclipse.jst.jsp.ui,1.1.401.v200908111935,"org.eclipse.jst.jsp.core.jspsource.source",1408244928623
executed,command,org.eclipse.ui.workbench.texteditor,3.5.1.r352_v20100105,"org.eclipse.ui.edit.text.select.wordPrevious",1408244932223
executed,command,org.eclipse.ui,3.5.2.M20100120-0800,"org.eclipse.ui.file.save",1408244933713
deactivated,workbench,org.eclipse.ui.workbench,3.5.2.M20100113-0800,"",1408244934219
activated,workbench,org.eclipse.ui.workbench,3.5.2.M20100113-0800,"",1408244938183
activated,editor,org.eclipse.wst.xml.ui,1.1.2.v201001222130,"org.eclipse.wst.xml.ui.internal.tabletree.XMLMultiPageEditorPart",1408244939839
executed,command,org.eclipse.wst.sse.ui,1.1.102.v200910200227,"org.eclipse.wst.sse.ui.add.block.comment",1408244970022
executed,command,org.eclipse.ui,3.5.2.M20100120-0800,"org.eclipse.ui.file.save",1408244970870
executed,command,org.eclipse.ui,3.5.2.M20100120-0800,"org.eclipse.ui.file.save",1408244976187
executed,command,org.eclipse.ui,3.5.2.M20100120-0800,"org.eclipse.ui.edit.cut",1408245013242
executed,command,org.eclipse.ui.workbench.texteditor,3.5.1.r352_v20100105,"org.eclipse.ui.edit.text.delete.line",1408245013841
executed,command,org.eclipse.ui,3.5.2.M20100120-0800,"org.eclipse.ui.edit.paste",1408245021940
executed,command,org.eclipse.ui,3.5.2.M20100120-0800,"org.eclipse.ui.file.save",1408245022633
activated,view,org.eclipse.ui.navigator.resources,3.4.1.M20090826-0800,"org.eclipse.ui.navigator.ProjectExplorer",1408245060369
executed,command,org.eclipse.ui,3.5.2.M20100120-0800,"org.eclipse.ui.file.refresh",1408245061500
executed,command,org.eclipse.ui,3.5.2.M20100120-0800,"org.eclipse.ui.file.refresh",1408245062705
deactivated,workbench,org.eclipse.ui.workbench,3.5.2.M20100113-0800,"",1408245066879
activated,workbench,org.eclipse.ui.workbench,3.5.2.M20100113-0800,"",1408245070064
activated,view,org.eclipse.wst.server.ui,1.1.103.v20100123,"org.eclipse.wst.server.ui.ServersView",1408245072043
deactivated,workbench,org.eclipse.ui.workbench,3.5.2.M20100113-0800,"",1408245072624
activated,workbench,org.eclipse.ui.workbench,3.5.2.M20100113-0800,"",1408245128801
activated,view,org.eclipse.ui.console,3.4.0.v20090513,"org.eclipse.ui.console.ConsoleView",1408245440174
activated,editor,org.eclipse.wst.xml.ui,1.1.2.v201001222130,"org.eclipse.wst.xml.ui.internal.tabletree.XMLMultiPageEditorPart",1408245443170
activated,view,org.eclipse.ui.console,3.4.0.v20090513,"org.eclipse.ui.console.ConsoleView",1408245445170
activated,view,org.eclipse.ui.navigator.resources,3.4.1.M20090826-0800,"org.eclipse.ui.navigator.ProjectExplorer",1408245445434
deactivated,workbench,org.eclipse.ui.workbench,3.5.2.M20100113-0800,"",1408245446377
activated,workbench,org.eclipse.ui.workbench,3.5.2.M20100113-0800,"",1408245475177
activated,editor,org.eclipse.wst.xml.ui,1.1.2.v201001222130,"org.eclipse.wst.xml.ui.internal.tabletree.XMLMultiPageEditorPart",1408245475839
activated,editor,org.eclipse.jst.jsp.ui,1.1.401.v200908111935,"org.eclipse.jst.jsp.core.jspsource.source",1408245477080
